{"Position":[0.0058773900382220749,0.19577783346176148,-0.004485569894313812],"Rotarion":[-0.008692868985235691,0.00006573354767169803,-0.0058080037124454979,0.9999454021453857],"CollectionLock":[true,true,true,true],"VehicleId":0,"FirstSave":false}